--
-- PostgreSQL database dump
--

\restrict tobgeSVjuS0u5rNsy95xnVcgHlTUxde4SMctQdvF5l3H6U4llc6UcFgusMhibXS

-- Dumped from database version 16.14 (Debian 16.14-1.pgdg13+1)
-- Dumped by pg_dump version 16.14 (Debian 16.14-1.pgdg13+1)

SET statement_timeout = 0;
SET lock_timeout = 0;
SET idle_in_transaction_session_timeout = 0;
SET client_encoding = 'UTF8';
SET standard_conforming_strings = on;
SELECT pg_catalog.set_config('search_path', '', false);
SET check_function_bodies = false;
SET xmloption = content;
SET client_min_messages = warning;
SET row_security = off;

SET default_tablespace = '';

SET default_table_access_method = heap;

--
-- Name: auth_group; Type: TABLE; Schema: public; Owner: virement_user
--

CREATE TABLE public.auth_group (
    id integer NOT NULL,
    name character varying(150) NOT NULL
);


ALTER TABLE public.auth_group OWNER TO virement_user;

--
-- Name: auth_group_id_seq; Type: SEQUENCE; Schema: public; Owner: virement_user
--

ALTER TABLE public.auth_group ALTER COLUMN id ADD GENERATED BY DEFAULT AS IDENTITY (
    SEQUENCE NAME public.auth_group_id_seq
    START WITH 1
    INCREMENT BY 1
    NO MINVALUE
    NO MAXVALUE
    CACHE 1
);


--
-- Name: auth_group_permissions; Type: TABLE; Schema: public; Owner: virement_user
--

CREATE TABLE public.auth_group_permissions (
    id bigint NOT NULL,
    group_id integer NOT NULL,
    permission_id integer NOT NULL
);


ALTER TABLE public.auth_group_permissions OWNER TO virement_user;

--
-- Name: auth_group_permissions_id_seq; Type: SEQUENCE; Schema: public; Owner: virement_user
--

ALTER TABLE public.auth_group_permissions ALTER COLUMN id ADD GENERATED BY DEFAULT AS IDENTITY (
    SEQUENCE NAME public.auth_group_permissions_id_seq
    START WITH 1
    INCREMENT BY 1
    NO MINVALUE
    NO MAXVALUE
    CACHE 1
);


--
-- Name: auth_permission; Type: TABLE; Schema: public; Owner: virement_user
--

CREATE TABLE public.auth_permission (
    id integer NOT NULL,
    name character varying(255) NOT NULL,
    content_type_id integer NOT NULL,
    codename character varying(100) NOT NULL
);


ALTER TABLE public.auth_permission OWNER TO virement_user;

--
-- Name: auth_permission_id_seq; Type: SEQUENCE; Schema: public; Owner: virement_user
--

ALTER TABLE public.auth_permission ALTER COLUMN id ADD GENERATED BY DEFAULT AS IDENTITY (
    SEQUENCE NAME public.auth_permission_id_seq
    START WITH 1
    INCREMENT BY 1
    NO MINVALUE
    NO MAXVALUE
    CACHE 1
);


--
-- Name: auth_user; Type: TABLE; Schema: public; Owner: virement_user
--

CREATE TABLE public.auth_user (
    id integer NOT NULL,
    password character varying(128) NOT NULL,
    last_login timestamp with time zone,
    is_superuser boolean NOT NULL,
    username character varying(150) NOT NULL,
    first_name character varying(150) NOT NULL,
    last_name character varying(150) NOT NULL,
    email character varying(254) NOT NULL,
    is_staff boolean NOT NULL,
    is_active boolean NOT NULL,
    date_joined timestamp with time zone NOT NULL
);


ALTER TABLE public.auth_user OWNER TO virement_user;

--
-- Name: auth_user_groups; Type: TABLE; Schema: public; Owner: virement_user
--

CREATE TABLE public.auth_user_groups (
    id bigint NOT NULL,
    user_id integer NOT NULL,
    group_id integer NOT NULL
);


ALTER TABLE public.auth_user_groups OWNER TO virement_user;

--
-- Name: auth_user_groups_id_seq; Type: SEQUENCE; Schema: public; Owner: virement_user
--

ALTER TABLE public.auth_user_groups ALTER COLUMN id ADD GENERATED BY DEFAULT AS IDENTITY (
    SEQUENCE NAME public.auth_user_groups_id_seq
    START WITH 1
    INCREMENT BY 1
    NO MINVALUE
    NO MAXVALUE
    CACHE 1
);


--
-- Name: auth_user_id_seq; Type: SEQUENCE; Schema: public; Owner: virement_user
--

ALTER TABLE public.auth_user ALTER COLUMN id ADD GENERATED BY DEFAULT AS IDENTITY (
    SEQUENCE NAME public.auth_user_id_seq
    START WITH 1
    INCREMENT BY 1
    NO MINVALUE
    NO MAXVALUE
    CACHE 1
);


--
-- Name: auth_user_user_permissions; Type: TABLE; Schema: public; Owner: virement_user
--

CREATE TABLE public.auth_user_user_permissions (
    id bigint NOT NULL,
    user_id integer NOT NULL,
    permission_id integer NOT NULL
);


ALTER TABLE public.auth_user_user_permissions OWNER TO virement_user;

--
-- Name: auth_user_user_permissions_id_seq; Type: SEQUENCE; Schema: public; Owner: virement_user
--

ALTER TABLE public.auth_user_user_permissions ALTER COLUMN id ADD GENERATED BY DEFAULT AS IDENTITY (
    SEQUENCE NAME public.auth_user_user_permissions_id_seq
    START WITH 1
    INCREMENT BY 1
    NO MINVALUE
    NO MAXVALUE
    CACHE 1
);


--
-- Name: core_bonversement; Type: TABLE; Schema: public; Owner: virement_user
--

CREATE TABLE public.core_bonversement (
    id bigint NOT NULL,
    type_versement character varying(10) NOT NULL,
    numero_emission character varying(50) NOT NULL,
    montant_jour numeric(12,2) NOT NULL,
    droits_poste numeric(10,2) NOT NULL,
    montant_a_verser numeric(12,2) NOT NULL,
    date_emission date NOT NULL,
    date_versement date NOT NULL,
    bureau_local_id bigint NOT NULL,
    emis_par_id integer
);


ALTER TABLE public.core_bonversement OWNER TO virement_user;

--
-- Name: core_bonversement_id_seq; Type: SEQUENCE; Schema: public; Owner: virement_user
--

ALTER TABLE public.core_bonversement ALTER COLUMN id ADD GENERATED BY DEFAULT AS IDENTITY (
    SEQUENCE NAME public.core_bonversement_id_seq
    START WITH 1
    INCREMENT BY 1
    NO MINVALUE
    NO MAXVALUE
    CACHE 1
);


--
-- Name: core_bureaulocal; Type: TABLE; Schema: public; Owner: virement_user
--

CREATE TABLE public.core_bureaulocal (
    id bigint NOT NULL,
    code character varying(10) NOT NULL,
    nom character varying(255) NOT NULL,
    adresse character varying(255) NOT NULL,
    date_creation timestamp with time zone NOT NULL,
    crma_id bigint NOT NULL
);


ALTER TABLE public.core_bureaulocal OWNER TO virement_user;

--
-- Name: core_bureaulocal_id_seq; Type: SEQUENCE; Schema: public; Owner: virement_user
--

ALTER TABLE public.core_bureaulocal ALTER COLUMN id ADD GENERATED BY DEFAULT AS IDENTITY (
    SEQUENCE NAME public.core_bureaulocal_id_seq
    START WITH 1
    INCREMENT BY 1
    NO MINVALUE
    NO MAXVALUE
    CACHE 1
);


--
-- Name: core_crma; Type: TABLE; Schema: public; Owner: virement_user
--

CREATE TABLE public.core_crma (
    id bigint NOT NULL,
    code character varying(10) NOT NULL,
    nom character varying(255) NOT NULL,
    adresse character varying(255) NOT NULL,
    email character varying(254) NOT NULL,
    telephone character varying(20) NOT NULL,
    ccp_compte character varying(20) NOT NULL,
    ccp_cle character varying(5) NOT NULL,
    badr_compte character varying(30) NOT NULL,
    bna_compte character varying(30) NOT NULL,
    date_creation timestamp with time zone NOT NULL,
    deduire_droits_ccp boolean NOT NULL
);


ALTER TABLE public.core_crma OWNER TO virement_user;

--
-- Name: core_crma_id_seq; Type: SEQUENCE; Schema: public; Owner: virement_user
--

ALTER TABLE public.core_crma ALTER COLUMN id ADD GENERATED BY DEFAULT AS IDENTITY (
    SEQUENCE NAME public.core_crma_id_seq
    START WITH 1
    INCREMENT BY 1
    NO MINVALUE
    NO MAXVALUE
    CACHE 1
);


--
-- Name: core_historiquemutation; Type: TABLE; Schema: public; Owner: virement_user
--

CREATE TABLE public.core_historiquemutation (
    id bigint NOT NULL,
    date_mutation timestamp with time zone NOT NULL,
    ancien_bl_id bigint,
    effectuee_par_id integer,
    nouveau_bl_id bigint,
    profil_id bigint NOT NULL
);


ALTER TABLE public.core_historiquemutation OWNER TO virement_user;

--
-- Name: core_historiquemutation_id_seq; Type: SEQUENCE; Schema: public; Owner: virement_user
--

ALTER TABLE public.core_historiquemutation ALTER COLUMN id ADD GENERATED BY DEFAULT AS IDENTITY (
    SEQUENCE NAME public.core_historiquemutation_id_seq
    START WITH 1
    INCREMENT BY 1
    NO MINVALUE
    NO MAXVALUE
    CACHE 1
);


--
-- Name: core_ligneencaissement; Type: TABLE; Schema: public; Owner: virement_user
--

CREATE TABLE public.core_ligneencaissement (
    id bigint NOT NULL,
    montant numeric(12,2) NOT NULL,
    numero_contrat character varying(50) NOT NULL,
    date date NOT NULL,
    heure time without time zone NOT NULL,
    bureau_local_id bigint NOT NULL,
    saisi_par_id integer
);


ALTER TABLE public.core_ligneencaissement OWNER TO virement_user;

--
-- Name: core_ligneencaissement_id_seq; Type: SEQUENCE; Schema: public; Owner: virement_user
--

ALTER TABLE public.core_ligneencaissement ALTER COLUMN id ADD GENERATED BY DEFAULT AS IDENTITY (
    SEQUENCE NAME public.core_ligneencaissement_id_seq
    START WITH 1
    INCREMENT BY 1
    NO MINVALUE
    NO MAXVALUE
    CACHE 1
);


--
-- Name: core_profil; Type: TABLE; Schema: public; Owner: virement_user
--

CREATE TABLE public.core_profil (
    id bigint NOT NULL,
    role character varying(20) NOT NULL,
    poste character varying(100) NOT NULL,
    telephone character varying(20) NOT NULL,
    bureau_local_id bigint,
    crma_id bigint,
    user_id integer NOT NULL
);


ALTER TABLE public.core_profil OWNER TO virement_user;

--
-- Name: core_profil_id_seq; Type: SEQUENCE; Schema: public; Owner: virement_user
--

ALTER TABLE public.core_profil ALTER COLUMN id ADD GENERATED BY DEFAULT AS IDENTITY (
    SEQUENCE NAME public.core_profil_id_seq
    START WITH 1
    INCREMENT BY 1
    NO MINVALUE
    NO MAXVALUE
    CACHE 1
);


--
-- Name: django_admin_log; Type: TABLE; Schema: public; Owner: virement_user
--

CREATE TABLE public.django_admin_log (
    id integer NOT NULL,
    action_time timestamp with time zone NOT NULL,
    object_id text,
    object_repr character varying(200) NOT NULL,
    action_flag smallint NOT NULL,
    change_message text NOT NULL,
    content_type_id integer,
    user_id integer NOT NULL,
    CONSTRAINT django_admin_log_action_flag_check CHECK ((action_flag >= 0))
);


ALTER TABLE public.django_admin_log OWNER TO virement_user;

--
-- Name: django_admin_log_id_seq; Type: SEQUENCE; Schema: public; Owner: virement_user
--

ALTER TABLE public.django_admin_log ALTER COLUMN id ADD GENERATED BY DEFAULT AS IDENTITY (
    SEQUENCE NAME public.django_admin_log_id_seq
    START WITH 1
    INCREMENT BY 1
    NO MINVALUE
    NO MAXVALUE
    CACHE 1
);


--
-- Name: django_content_type; Type: TABLE; Schema: public; Owner: virement_user
--

CREATE TABLE public.django_content_type (
    id integer NOT NULL,
    app_label character varying(100) NOT NULL,
    model character varying(100) NOT NULL
);


ALTER TABLE public.django_content_type OWNER TO virement_user;

--
-- Name: django_content_type_id_seq; Type: SEQUENCE; Schema: public; Owner: virement_user
--

ALTER TABLE public.django_content_type ALTER COLUMN id ADD GENERATED BY DEFAULT AS IDENTITY (
    SEQUENCE NAME public.django_content_type_id_seq
    START WITH 1
    INCREMENT BY 1
    NO MINVALUE
    NO MAXVALUE
    CACHE 1
);


--
-- Name: django_migrations; Type: TABLE; Schema: public; Owner: virement_user
--

CREATE TABLE public.django_migrations (
    id bigint NOT NULL,
    app character varying(255) NOT NULL,
    name character varying(255) NOT NULL,
    applied timestamp with time zone NOT NULL
);


ALTER TABLE public.django_migrations OWNER TO virement_user;

--
-- Name: django_migrations_id_seq; Type: SEQUENCE; Schema: public; Owner: virement_user
--

ALTER TABLE public.django_migrations ALTER COLUMN id ADD GENERATED BY DEFAULT AS IDENTITY (
    SEQUENCE NAME public.django_migrations_id_seq
    START WITH 1
    INCREMENT BY 1
    NO MINVALUE
    NO MAXVALUE
    CACHE 1
);


--
-- Name: django_session; Type: TABLE; Schema: public; Owner: virement_user
--

CREATE TABLE public.django_session (
    session_key character varying(40) NOT NULL,
    session_data text NOT NULL,
    expire_date timestamp with time zone NOT NULL
);


ALTER TABLE public.django_session OWNER TO virement_user;

--
-- Data for Name: auth_group; Type: TABLE DATA; Schema: public; Owner: virement_user
--

COPY public.auth_group (id, name) FROM stdin;
\.


--
-- Data for Name: auth_group_permissions; Type: TABLE DATA; Schema: public; Owner: virement_user
--

COPY public.auth_group_permissions (id, group_id, permission_id) FROM stdin;
\.


--
-- Data for Name: auth_permission; Type: TABLE DATA; Schema: public; Owner: virement_user
--

COPY public.auth_permission (id, name, content_type_id, codename) FROM stdin;
1	Can add log entry	1	add_logentry
2	Can change log entry	1	change_logentry
3	Can delete log entry	1	delete_logentry
4	Can view log entry	1	view_logentry
5	Can add permission	3	add_permission
6	Can change permission	3	change_permission
7	Can delete permission	3	delete_permission
8	Can view permission	3	view_permission
9	Can add group	2	add_group
10	Can change group	2	change_group
11	Can delete group	2	delete_group
12	Can view group	2	view_group
13	Can add user	4	add_user
14	Can change user	4	change_user
15	Can delete user	4	delete_user
16	Can view user	4	view_user
17	Can add content type	5	add_contenttype
18	Can change content type	5	change_contenttype
19	Can delete content type	5	delete_contenttype
20	Can view content type	5	view_contenttype
21	Can add session	6	add_session
22	Can change session	6	change_session
23	Can delete session	6	delete_session
24	Can view session	6	view_session
25	Can add crma	7	add_crma
26	Can change crma	7	change_crma
27	Can delete crma	7	delete_crma
28	Can view crma	7	view_crma
29	Can add bureau local	8	add_bureaulocal
30	Can change bureau local	8	change_bureaulocal
31	Can delete bureau local	8	delete_bureaulocal
32	Can view bureau local	8	view_bureaulocal
33	Can add profil	9	add_profil
34	Can change profil	9	change_profil
35	Can delete profil	9	delete_profil
36	Can view profil	9	view_profil
37	Can add ligne encaissement	10	add_ligneencaissement
38	Can change ligne encaissement	10	change_ligneencaissement
39	Can delete ligne encaissement	10	delete_ligneencaissement
40	Can view ligne encaissement	10	view_ligneencaissement
41	Can add bon versement	11	add_bonversement
42	Can change bon versement	11	change_bonversement
43	Can delete bon versement	11	delete_bonversement
44	Can view bon versement	11	view_bonversement
45	Can add historique mutation	12	add_historiquemutation
46	Can change historique mutation	12	change_historiquemutation
47	Can delete historique mutation	12	delete_historiquemutation
48	Can view historique mutation	12	view_historiquemutation
\.


--
-- Data for Name: auth_user; Type: TABLE DATA; Schema: public; Owner: virement_user
--

COPY public.auth_user (id, password, last_login, is_superuser, username, first_name, last_name, email, is_staff, is_active, date_joined) FROM stdin;
11	pbkdf2_sha256$1200000$dbg6WB99yo5xc9p1P9yy97$KiK9MfUk7icFYoYfx82gYUp4RNx31J3QqdMudwcFp8w=	2026-07-08 08:57:11.896975+00	f	User1	prnomprod1	nomprod1	amina.berra93@gmail.com	f	t	2026-07-01 22:09:37.575096+00
10	pbkdf2_sha256$1200000$8hh1Smwunkxt3zRBiiik3X$8ebGR5eaDhG70DSMMt6VW4HIwhjGbJr43wMQTaQPQoE=	2026-07-08 09:13:01.587287+00	f	ss_saida	Mohamed	Belkacem	moh.bel@gmail.com	f	t	2026-07-01 19:48:14+00
14	pbkdf2_sha256$1200000$C4jyY9GSVXi8TF3yqyuBgA$lVdU8B8gDOEcA/JjqOZ4EYFL55X/CGJvZOdHS2aLL4Q=	2026-07-08 09:43:04.014002+00	f	User3	prnomprod3	nomprod3	athalimi@gmail.com	f	t	2026-07-01 22:27:04.996167+00
1	pbkdf2_sha256$1200000$RZs3P5jOSQVxgEzPCfyy1s$sdCwLNQeA/5Qu+zMyaQx/6xkkjFo1o1jPWkX21dKhmM=	2026-07-07 18:28:33.751427+00	t	admin			tak_abd@yahoo.fr	t	t	2026-06-30 16:42:58.510445+00
\.


--
-- Data for Name: auth_user_groups; Type: TABLE DATA; Schema: public; Owner: virement_user
--

COPY public.auth_user_groups (id, user_id, group_id) FROM stdin;
\.


--
-- Data for Name: auth_user_user_permissions; Type: TABLE DATA; Schema: public; Owner: virement_user
--

COPY public.auth_user_user_permissions (id, user_id, permission_id) FROM stdin;
\.


--
-- Data for Name: core_bonversement; Type: TABLE DATA; Schema: public; Owner: virement_user
--

COPY public.core_bonversement (id, type_versement, numero_emission, montant_jour, droits_poste, montant_a_verser, date_emission, date_versement, bureau_local_id, emis_par_id) FROM stdin;
1	CCP	C45-276-02072026/CCP/0001	426646.02	1050.00	425596.02	2026-07-02	2026-07-02	1	11
2	BADR	C45-276-02072026/BADR/0002	426646.02	0.00	426646.02	2026-07-02	2026-07-02	1	11
3	CCP	C45-276-02072026/CCP/0003	426646.02	1050.00	425596.02	2026-07-02	2026-07-02	1	11
4	CCP	C45-276-04072026/CCP/0004	70211.11	198.00	70013.11	2026-07-04	2026-07-04	1	11
5	CCP	C45-276-04072026/CCP/0005	70211.11	198.00	70013.11	2026-07-04	2026-07-04	1	11
6	CCP	C45-276-04072026/CCP/0006	70211.11	198.00	70013.11	2026-07-04	2026-07-04	1	11
7	BADR	C45-276-04072026/BADR/0007	70211.11	0.00	70211.11	2026-07-04	2026-07-04	1	11
8	BNA	C45-276-04072026/BNA/0008	70211.11	0.00	70211.11	2026-07-04	2026-07-04	1	11
9	CCP	C45-276-06072026/CCP/0009	25695750.94	61698.00	25634052.94	2026-07-06	2026-07-06	1	11
10	CCP	C45-276-06072026/CCP/0010	25695750.94	61698.00	25634052.94	2026-07-06	2026-07-06	1	11
11	CCP	C45-276-06072026/CCP/0011	25695750.94	61698.00	25634052.94	2026-07-06	2026-07-06	1	11
12	CCP	C45-276-06072026/CCP/0012	25695750.94	61698.00	25634052.94	2026-07-06	2026-07-06	1	11
13	CCP	C45-276-06072026/CCP/0013	25695750.94	61698.00	25634052.94	2026-07-06	2026-07-06	1	11
14	CCP	C45-276-06072026/CCP/0014	25695750.94	61698.00	25634052.94	2026-07-06	2026-07-06	1	11
15	CCP	C45-276-06072026/CCP/0015	173548.71	438.00	173110.71	2026-07-06	2026-07-06	1	11
16	CCP	C45-380-06072026/CCP/0016	99456.99	258.00	99198.99	2026-07-06	2026-07-06	2	14
17	CCP	C45-276-07072026/CCP/0017	91358.33	0.00	91358.33	2026-07-07	2026-07-07	1	11
18	CCP	C45-276-04072026/CCP/0018	70211.11	198.00	70013.11	2026-07-08	2026-07-04	1	11
\.


--
-- Data for Name: core_bureaulocal; Type: TABLE DATA; Schema: public; Owner: virement_user
--

COPY public.core_bureaulocal (id, code, nom, adresse, date_creation, crma_id) FROM stdin;
1	276	Siège CRMA Saïda	Boulevard 5 Juillet. Cité ENNASR. Saida	2026-06-30 21:41:14.572997+00	1
2	380	Ain Elhdjar	Ain Elhdjar Saida	2026-07-01 20:54:36.091922+00	1
3	454	BALOUL	BALOUL	2026-07-07 18:36:09.789524+00	1
\.


--
-- Data for Name: core_crma; Type: TABLE DATA; Schema: public; Owner: virement_user
--

COPY public.core_crma (id, code, nom, adresse, email, telephone, ccp_compte, ccp_cle, badr_compte, bna_compte, date_creation, deduire_droits_ccp) FROM stdin;
4	C29	CRMA DE MSILA	N46 Cite 83 logts Salam2 Saida	fati_rach@yahoo.fr	0771818532	457521	24	2145788987	123456789	2026-07-07 18:33:28.227785+00	t
1	C45	CRMA DE SAIDA	Boulevard 5 Juillet. Cité ENNASR. Saida	crmasaida@cnma.dz	0777787878	380319	50	01010101010	444554545	2026-06-30 16:47:52.701236+00	t
\.


--
-- Data for Name: core_historiquemutation; Type: TABLE DATA; Schema: public; Owner: virement_user
--

COPY public.core_historiquemutation (id, date_mutation, ancien_bl_id, effectuee_par_id, nouveau_bl_id, profil_id) FROM stdin;
1	2026-07-08 09:13:31.622203+00	2	10	3	6
\.


--
-- Data for Name: core_ligneencaissement; Type: TABLE DATA; Schema: public; Owner: virement_user
--

COPY public.core_ligneencaissement (id, montant, numero_contrat, date, heure, bureau_local_id, saisi_par_id) FROM stdin;
2	2308.78		2026-07-02	00:01:06.532936	1	11
3	23456.00		2026-07-02	00:01:18.185388	1	11
4	3245.89		2026-07-02	02:02:59.709277	1	11
5	52347.66		2026-07-02	02:03:15.373312	1	11
7	345287.69		2026-07-02	02:55:40.578491	1	11
8	2308.78		2026-07-04	22:03:55.843292	1	11
9	2308.78		2026-07-04	22:03:59.747711	1	11
10	3245.89		2026-07-04	22:04:03.777821	1	11
11	52347.66		2026-07-04	22:04:07.478946	1	11
12	10000.00		2026-07-04	22:04:12.748807	1	11
13	5289.34		2026-07-06	15:08:10.607596	1	11
15	45783.12		2026-07-06	15:08:33.16349	1	11
16	122476.25		2026-07-06	15:08:40.342431	1	11
18	52347.66		2026-07-06	21:51:05.612743	1	11
24	10000.00		2026-07-06	23:06:46.757599	2	14
25	5689.99		2026-07-06	23:07:05.749966	2	14
26	99.89		2026-07-06	23:07:27.826638	2	14
19	2308.78		2026-07-06	23:02:29.588561	2	\N
20	23456.00		2026-07-06	23:02:36.696897	2	\N
21	3245.89		2026-07-06	23:02:44.310935	2	\N
22	52347.66		2026-07-06	23:02:51.175136	2	\N
23	2308.78		2026-07-06	23:03:00.474541	2	\N
27	2308.78		2026-07-07	23:03:22.909053	1	11
28	52347.66		2026-07-07	23:03:28.225712	1	11
29	3245.89		2026-07-07	23:03:33.115056	1	11
30	10000.00		2026-07-07	23:03:40.336829	1	11
31	23456.00		2026-07-07	23:03:46.411774	1	11
32	3245.89		2026-07-08	09:23:15.577206	3	11
33	3245.89		2026-07-08	09:23:27.745903	3	11
34	23456.00		2026-07-08	09:23:31.28361	3	11
35	52347.66		2026-07-08	09:23:36.45981	3	11
36	3245.89		2026-07-08	09:23:39.590095	3	11
37	2308.78		2026-07-08	09:23:44.180493	3	11
38	52347.66		2026-07-08	09:23:48.058106	3	11
\.


--
-- Data for Name: core_profil; Type: TABLE DATA; Schema: public; Owner: virement_user
--

COPY public.core_profil (id, role, poste, telephone, bureau_local_id, crma_id, user_id) FROM stdin;
1	superuser			\N	\N	1
5	sous_superuser	Sous-super-utilisateur	0777787878	\N	1	10
9	utilisateur	PRODUCTEUR	0770787970	1	\N	14
6	utilisateur	PRODUCTEUR	0769787650	3	\N	11
\.


--
-- Data for Name: django_admin_log; Type: TABLE DATA; Schema: public; Owner: virement_user
--

COPY public.django_admin_log (id, action_time, object_id, object_repr, action_flag, change_message, content_type_id, user_id) FROM stdin;
1	2026-06-30 16:47:52.701236+00	1	C45 - CRMA DE SAiDA	1	[{"added": {}}]	7	1
2	2026-06-30 21:41:14.671302+00	1	276 - Siège CRMA Saïda (C45)	1	[{"added": {}}]	8	1
3	2026-06-30 21:53:23.434767+00	1	 [Super-utilisateur national]	1	[{"added": {}}]	9	1
4	2026-06-30 21:54:51.994579+00	2	admin1	1	[{"added": {}}]	4	1
5	2026-06-30 21:55:44.72714+00	2	admin1	2	[{"changed": {"fields": ["Staff status", "Superuser status", "User permissions"]}}]	4	1
6	2026-06-30 21:56:55.947693+00	2	 [Utilisateur Bureau Local]	1	[{"added": {}}]	9	1
7	2026-07-01 18:50:28.651826+00	3	ss_saida	1	[{"added": {}}]	4	1
8	2026-07-01 18:51:18.642275+00	3	ss_saida	2	[{"changed": {"fields": ["First name", "Last name", "Email address", "User permissions"]}}]	4	1
9	2026-07-01 18:51:51.494504+00	3	ss_saida	2	[{"changed": {"fields": ["Staff status", "Superuser status"]}}]	4	1
10	2026-07-01 18:53:46.463963+00	3	Mohamed Belkacem [Sous-super-utilisateur CRMA]	1	[{"added": {}}]	9	1
11	2026-07-01 18:55:50.70599+00	3	ss_saida	3		4	1
12	2026-07-01 18:56:22.172316+00	2	admin1	3		4	1
13	2026-07-01 18:57:10.085456+00	4	ss_saida	1	[{"added": {}}]	4	1
14	2026-07-01 18:57:44.335344+00	4	ss_saida	3		4	1
15	2026-07-01 18:59:15.229023+00	5	ss_saida	1	[{"added": {}}]	4	1
16	2026-07-01 19:04:06.223275+00	5	ss_saida	3		4	1
17	2026-07-01 19:09:30.404977+00	6	ss_saida	1	[{"added": {}}]	4	1
18	2026-07-01 19:21:26.598486+00	6	ss_saida	2	[{"changed": {"fields": ["First name", "Last name", "Email address"]}}]	4	1
19	2026-07-01 19:22:57.129146+00	4	Mohamed Belkacem [Sous-super-utilisateur CRMA]	1	[{"added": {}}]	9	1
20	2026-07-01 19:24:30.91201+00	6	ss_saida	3		4	1
21	2026-07-01 19:24:55.703981+00	7	ss_saida	1	[{"added": {}}]	4	1
22	2026-07-01 19:25:31.111294+00	7	ss_saida	2	[{"changed": {"fields": ["First name", "Last name", "Email address"]}}]	4	1
23	2026-07-01 19:27:16.060055+00	7	ss_saida	3		4	1
24	2026-07-01 19:27:53.751572+00	8	admin99	1	[{"added": {}}]	4	1
25	2026-07-01 19:28:25.089287+00	8	admin99	2	[{"changed": {"fields": ["First name", "Last name", "Email address"]}}]	4	1
26	2026-07-01 19:38:09.691889+00	8	admin99	3		4	1
27	2026-07-01 19:38:32.808535+00	9	ss_saida	1	[{"added": {}}]	4	1
28	2026-07-01 19:39:03.233219+00	9	ss_saida	2	[{"changed": {"fields": ["First name", "Last name", "Email address"]}}]	4	1
29	2026-07-01 19:47:36.85216+00	9	ss_saida	3		4	1
30	2026-07-01 19:48:15.27494+00	10	ss_saida	1	[{"added": {}}]	4	1
31	2026-07-01 19:48:19.839204+00	10	ss_saida	2	[]	4	1
32	2026-07-01 19:48:48.940887+00	10	ss_saida	2	[{"changed": {"fields": ["First name", "Last name", "Email address"]}}]	4	1
33	2026-07-01 19:49:20.931233+00	5	Mohamed Belkacem [Sous-super-utilisateur CRMA]	1	[{"added": {}}]	9	1
\.


--
-- Data for Name: django_content_type; Type: TABLE DATA; Schema: public; Owner: virement_user
--

COPY public.django_content_type (id, app_label, model) FROM stdin;
1	admin	logentry
2	auth	group
3	auth	permission
4	auth	user
5	contenttypes	contenttype
6	sessions	session
7	core	crma
8	core	bureaulocal
9	core	profil
10	core	ligneencaissement
11	core	bonversement
12	core	historiquemutation
\.


--
-- Data for Name: django_migrations; Type: TABLE DATA; Schema: public; Owner: virement_user
--

COPY public.django_migrations (id, app, name, applied) FROM stdin;
1	contenttypes	0001_initial	2026-06-30 16:34:09.887205+00
2	auth	0001_initial	2026-06-30 16:34:10.033113+00
3	admin	0001_initial	2026-06-30 16:34:10.077607+00
4	admin	0002_logentry_remove_auto_add	2026-06-30 16:34:10.092627+00
5	admin	0003_logentry_add_action_flag_choices	2026-06-30 16:34:10.092627+00
6	contenttypes	0002_remove_content_type_name	2026-06-30 16:34:10.108277+00
7	auth	0002_alter_permission_name_max_length	2026-06-30 16:34:10.124136+00
8	auth	0003_alter_user_email_max_length	2026-06-30 16:34:10.139842+00
9	auth	0004_alter_user_username_opts	2026-06-30 16:34:10.139842+00
10	auth	0005_alter_user_last_login_null	2026-06-30 16:34:10.161078+00
11	auth	0006_require_contenttypes_0002	2026-06-30 16:34:10.161078+00
12	auth	0007_alter_validators_add_error_messages	2026-06-30 16:34:10.171816+00
13	auth	0008_alter_user_username_max_length	2026-06-30 16:34:10.189916+00
14	auth	0009_alter_user_last_name_max_length	2026-06-30 16:34:10.189916+00
15	auth	0010_alter_group_name_max_length	2026-06-30 16:34:10.20362+00
16	auth	0011_update_proxy_permissions	2026-06-30 16:34:10.220143+00
17	auth	0012_alter_user_first_name_max_length	2026-06-30 16:34:10.22472+00
18	sessions	0001_initial	2026-06-30 16:34:10.251355+00
19	core	0001_initial	2026-06-30 16:40:24.585119+00
20	core	0002_bureaulocal	2026-06-30 20:55:31.352019+00
21	core	0003_profil	2026-06-30 21:48:18.838228+00
22	core	0004_ligneencaissement	2026-07-01 22:45:02.103045+00
23	core	0005_bonversement	2026-07-02 01:12:02.504426+00
24	core	0006_crma_deduire_droits_ccp	2026-07-07 22:01:35.398123+00
25	core	0007_historiquemutation	2026-07-08 08:07:26.989681+00
\.


--
-- Data for Name: django_session; Type: TABLE DATA; Schema: public; Owner: virement_user
--

COPY public.django_session (session_key, session_data, expire_date) FROM stdin;
du030u8ytqb1i5ifhvhi6xqmd9whj1dv	.eJxVjEsOwjAMBe-SNYrstGkcluw5Q-Q6DimgVupnhbg7VOoCtm9m3ssk3taatkXnNGRzNojm9Dv2LA8dd5LvPN4mK9O4zkNvd8UedLHXKevzcrh_B5WX-q01kgIFCo6jj8RASlAcYMkUGuwg-wZZPGMP4hvXldCiY1EU4lbQvD_lUTdq:1whDXq:i88er0gaMPKujzVm2WHrfKZgBcNtcbjlgSBQ1CP7noc	2026-07-08 05:41:34.896396+00
uih8h18b0vvor0pxjb7s6zf3v62z04it	.eJxVjDEOwjAMRe-SGUWO0oaYkZ0zRI7tkAJqpaadKu4OlTrA-t97fzOJ1qWmtemcBjEX48CcfsdM_NRxJ_Kg8T5ZnsZlHrLdFXvQZm-T6Ot6uH8HlVr91sW7kumMouRBUBhjD6A-eFQKWRAA-y46T7HLCFiYgvOBSUsE7tm8PxXEOGc:1whOKz:bySoRvstm5NH1zFFx7PPWdwiJBbjuvF6YcIYpQ5e7yA	2026-07-08 17:13:01.620034+00
yro31q353qzve7norp977ed5u6j3eyfc	.eJxVjMsOwiAQAP-FsyFueXv03m8gy7JK1UBS2pPx3w1JD3qdmcxbRNy3EvfOa1yyuAjQ4vQLE9KT6zD5gfXeJLW6rUuSI5GH7XJumV_Xo_0bFOxlfB1RUECakS0AKyQAM5E9400naxIpNgjeO57YuMDGGlI-2xRsIsfi8wURczhn:1whOo4:gwslE-39veADpowgJMJ3u--I-7vgipP2ZrMcma_QFTM	2026-07-08 17:43:04.018349+00
\.


--
-- Name: auth_group_id_seq; Type: SEQUENCE SET; Schema: public; Owner: virement_user
--

SELECT pg_catalog.setval('public.auth_group_id_seq', 1, false);


--
-- Name: auth_group_permissions_id_seq; Type: SEQUENCE SET; Schema: public; Owner: virement_user
--

SELECT pg_catalog.setval('public.auth_group_permissions_id_seq', 1, false);


--
-- Name: auth_permission_id_seq; Type: SEQUENCE SET; Schema: public; Owner: virement_user
--

SELECT pg_catalog.setval('public.auth_permission_id_seq', 48, true);


--
-- Name: auth_user_groups_id_seq; Type: SEQUENCE SET; Schema: public; Owner: virement_user
--

SELECT pg_catalog.setval('public.auth_user_groups_id_seq', 1, false);


--
-- Name: auth_user_id_seq; Type: SEQUENCE SET; Schema: public; Owner: virement_user
--

SELECT pg_catalog.setval('public.auth_user_id_seq', 14, true);


--
-- Name: auth_user_user_permissions_id_seq; Type: SEQUENCE SET; Schema: public; Owner: virement_user
--

SELECT pg_catalog.setval('public.auth_user_user_permissions_id_seq', 72, true);


--
-- Name: core_bonversement_id_seq; Type: SEQUENCE SET; Schema: public; Owner: virement_user
--

SELECT pg_catalog.setval('public.core_bonversement_id_seq', 18, true);


--
-- Name: core_bureaulocal_id_seq; Type: SEQUENCE SET; Schema: public; Owner: virement_user
--

SELECT pg_catalog.setval('public.core_bureaulocal_id_seq', 3, true);


--
-- Name: core_crma_id_seq; Type: SEQUENCE SET; Schema: public; Owner: virement_user
--

SELECT pg_catalog.setval('public.core_crma_id_seq', 4, true);


--
-- Name: core_historiquemutation_id_seq; Type: SEQUENCE SET; Schema: public; Owner: virement_user
--

SELECT pg_catalog.setval('public.core_historiquemutation_id_seq', 1, true);


--
-- Name: core_ligneencaissement_id_seq; Type: SEQUENCE SET; Schema: public; Owner: virement_user
--

SELECT pg_catalog.setval('public.core_ligneencaissement_id_seq', 38, true);


--
-- Name: core_profil_id_seq; Type: SEQUENCE SET; Schema: public; Owner: virement_user
--

SELECT pg_catalog.setval('public.core_profil_id_seq', 9, true);


--
-- Name: django_admin_log_id_seq; Type: SEQUENCE SET; Schema: public; Owner: virement_user
--

SELECT pg_catalog.setval('public.django_admin_log_id_seq', 33, true);


--
-- Name: django_content_type_id_seq; Type: SEQUENCE SET; Schema: public; Owner: virement_user
--

SELECT pg_catalog.setval('public.django_content_type_id_seq', 12, true);


--
-- Name: django_migrations_id_seq; Type: SEQUENCE SET; Schema: public; Owner: virement_user
--

SELECT pg_catalog.setval('public.django_migrations_id_seq', 25, true);


--
-- Name: auth_group auth_group_name_key; Type: CONSTRAINT; Schema: public; Owner: virement_user
--

ALTER TABLE ONLY public.auth_group
    ADD CONSTRAINT auth_group_name_key UNIQUE (name);


--
-- Name: auth_group_permissions auth_group_permissions_group_id_permission_id_0cd325b0_uniq; Type: CONSTRAINT; Schema: public; Owner: virement_user
--

ALTER TABLE ONLY public.auth_group_permissions
    ADD CONSTRAINT auth_group_permissions_group_id_permission_id_0cd325b0_uniq UNIQUE (group_id, permission_id);


--
-- Name: auth_group_permissions auth_group_permissions_pkey; Type: CONSTRAINT; Schema: public; Owner: virement_user
--

ALTER TABLE ONLY public.auth_group_permissions
    ADD CONSTRAINT auth_group_permissions_pkey PRIMARY KEY (id);


--
-- Name: auth_group auth_group_pkey; Type: CONSTRAINT; Schema: public; Owner: virement_user
--

ALTER TABLE ONLY public.auth_group
    ADD CONSTRAINT auth_group_pkey PRIMARY KEY (id);


--
-- Name: auth_permission auth_permission_content_type_id_codename_01ab375a_uniq; Type: CONSTRAINT; Schema: public; Owner: virement_user
--

ALTER TABLE ONLY public.auth_permission
    ADD CONSTRAINT auth_permission_content_type_id_codename_01ab375a_uniq UNIQUE (content_type_id, codename);


--
-- Name: auth_permission auth_permission_pkey; Type: CONSTRAINT; Schema: public; Owner: virement_user
--

ALTER TABLE ONLY public.auth_permission
    ADD CONSTRAINT auth_permission_pkey PRIMARY KEY (id);


--
-- Name: auth_user_groups auth_user_groups_pkey; Type: CONSTRAINT; Schema: public; Owner: virement_user
--

ALTER TABLE ONLY public.auth_user_groups
    ADD CONSTRAINT auth_user_groups_pkey PRIMARY KEY (id);


--
-- Name: auth_user_groups auth_user_groups_user_id_group_id_94350c0c_uniq; Type: CONSTRAINT; Schema: public; Owner: virement_user
--

ALTER TABLE ONLY public.auth_user_groups
    ADD CONSTRAINT auth_user_groups_user_id_group_id_94350c0c_uniq UNIQUE (user_id, group_id);


--
-- Name: auth_user auth_user_pkey; Type: CONSTRAINT; Schema: public; Owner: virement_user
--

ALTER TABLE ONLY public.auth_user
    ADD CONSTRAINT auth_user_pkey PRIMARY KEY (id);


--
-- Name: auth_user_user_permissions auth_user_user_permissions_pkey; Type: CONSTRAINT; Schema: public; Owner: virement_user
--

ALTER TABLE ONLY public.auth_user_user_permissions
    ADD CONSTRAINT auth_user_user_permissions_pkey PRIMARY KEY (id);


--
-- Name: auth_user_user_permissions auth_user_user_permissions_user_id_permission_id_14a6b632_uniq; Type: CONSTRAINT; Schema: public; Owner: virement_user
--

ALTER TABLE ONLY public.auth_user_user_permissions
    ADD CONSTRAINT auth_user_user_permissions_user_id_permission_id_14a6b632_uniq UNIQUE (user_id, permission_id);


--
-- Name: auth_user auth_user_username_key; Type: CONSTRAINT; Schema: public; Owner: virement_user
--

ALTER TABLE ONLY public.auth_user
    ADD CONSTRAINT auth_user_username_key UNIQUE (username);


--
-- Name: core_bonversement core_bonversement_numero_emission_key; Type: CONSTRAINT; Schema: public; Owner: virement_user
--

ALTER TABLE ONLY public.core_bonversement
    ADD CONSTRAINT core_bonversement_numero_emission_key UNIQUE (numero_emission);


--
-- Name: core_bonversement core_bonversement_pkey; Type: CONSTRAINT; Schema: public; Owner: virement_user
--

ALTER TABLE ONLY public.core_bonversement
    ADD CONSTRAINT core_bonversement_pkey PRIMARY KEY (id);


--
-- Name: core_bureaulocal core_bureaulocal_crma_id_code_6e67b3e6_uniq; Type: CONSTRAINT; Schema: public; Owner: virement_user
--

ALTER TABLE ONLY public.core_bureaulocal
    ADD CONSTRAINT core_bureaulocal_crma_id_code_6e67b3e6_uniq UNIQUE (crma_id, code);


--
-- Name: core_bureaulocal core_bureaulocal_pkey; Type: CONSTRAINT; Schema: public; Owner: virement_user
--

ALTER TABLE ONLY public.core_bureaulocal
    ADD CONSTRAINT core_bureaulocal_pkey PRIMARY KEY (id);


--
-- Name: core_crma core_crma_code_key; Type: CONSTRAINT; Schema: public; Owner: virement_user
--

ALTER TABLE ONLY public.core_crma
    ADD CONSTRAINT core_crma_code_key UNIQUE (code);


--
-- Name: core_crma core_crma_pkey; Type: CONSTRAINT; Schema: public; Owner: virement_user
--

ALTER TABLE ONLY public.core_crma
    ADD CONSTRAINT core_crma_pkey PRIMARY KEY (id);


--
-- Name: core_historiquemutation core_historiquemutation_pkey; Type: CONSTRAINT; Schema: public; Owner: virement_user
--

ALTER TABLE ONLY public.core_historiquemutation
    ADD CONSTRAINT core_historiquemutation_pkey PRIMARY KEY (id);


--
-- Name: core_ligneencaissement core_ligneencaissement_pkey; Type: CONSTRAINT; Schema: public; Owner: virement_user
--

ALTER TABLE ONLY public.core_ligneencaissement
    ADD CONSTRAINT core_ligneencaissement_pkey PRIMARY KEY (id);


--
-- Name: core_profil core_profil_pkey; Type: CONSTRAINT; Schema: public; Owner: virement_user
--

ALTER TABLE ONLY public.core_profil
    ADD CONSTRAINT core_profil_pkey PRIMARY KEY (id);


--
-- Name: core_profil core_profil_user_id_key; Type: CONSTRAINT; Schema: public; Owner: virement_user
--

ALTER TABLE ONLY public.core_profil
    ADD CONSTRAINT core_profil_user_id_key UNIQUE (user_id);


--
-- Name: django_admin_log django_admin_log_pkey; Type: CONSTRAINT; Schema: public; Owner: virement_user
--

ALTER TABLE ONLY public.django_admin_log
    ADD CONSTRAINT django_admin_log_pkey PRIMARY KEY (id);


--
-- Name: django_content_type django_content_type_app_label_model_76bd3d3b_uniq; Type: CONSTRAINT; Schema: public; Owner: virement_user
--

ALTER TABLE ONLY public.django_content_type
    ADD CONSTRAINT django_content_type_app_label_model_76bd3d3b_uniq UNIQUE (app_label, model);


--
-- Name: django_content_type django_content_type_pkey; Type: CONSTRAINT; Schema: public; Owner: virement_user
--

ALTER TABLE ONLY public.django_content_type
    ADD CONSTRAINT django_content_type_pkey PRIMARY KEY (id);


--
-- Name: django_migrations django_migrations_pkey; Type: CONSTRAINT; Schema: public; Owner: virement_user
--

ALTER TABLE ONLY public.django_migrations
    ADD CONSTRAINT django_migrations_pkey PRIMARY KEY (id);


--
-- Name: django_session django_session_pkey; Type: CONSTRAINT; Schema: public; Owner: virement_user
--

ALTER TABLE ONLY public.django_session
    ADD CONSTRAINT django_session_pkey PRIMARY KEY (session_key);


--
-- Name: auth_group_name_a6ea08ec_like; Type: INDEX; Schema: public; Owner: virement_user
--

CREATE INDEX auth_group_name_a6ea08ec_like ON public.auth_group USING btree (name varchar_pattern_ops);


--
-- Name: auth_group_permissions_group_id_b120cbf9; Type: INDEX; Schema: public; Owner: virement_user
--

CREATE INDEX auth_group_permissions_group_id_b120cbf9 ON public.auth_group_permissions USING btree (group_id);


--
-- Name: auth_group_permissions_permission_id_84c5c92e; Type: INDEX; Schema: public; Owner: virement_user
--

CREATE INDEX auth_group_permissions_permission_id_84c5c92e ON public.auth_group_permissions USING btree (permission_id);


--
-- Name: auth_permission_content_type_id_2f476e4b; Type: INDEX; Schema: public; Owner: virement_user
--

CREATE INDEX auth_permission_content_type_id_2f476e4b ON public.auth_permission USING btree (content_type_id);


--
-- Name: auth_user_groups_group_id_97559544; Type: INDEX; Schema: public; Owner: virement_user
--

CREATE INDEX auth_user_groups_group_id_97559544 ON public.auth_user_groups USING btree (group_id);


--
-- Name: auth_user_groups_user_id_6a12ed8b; Type: INDEX; Schema: public; Owner: virement_user
--

CREATE INDEX auth_user_groups_user_id_6a12ed8b ON public.auth_user_groups USING btree (user_id);


--
-- Name: auth_user_user_permissions_permission_id_1fbb5f2c; Type: INDEX; Schema: public; Owner: virement_user
--

CREATE INDEX auth_user_user_permissions_permission_id_1fbb5f2c ON public.auth_user_user_permissions USING btree (permission_id);


--
-- Name: auth_user_user_permissions_user_id_a95ead1b; Type: INDEX; Schema: public; Owner: virement_user
--

CREATE INDEX auth_user_user_permissions_user_id_a95ead1b ON public.auth_user_user_permissions USING btree (user_id);


--
-- Name: auth_user_username_6821ab7c_like; Type: INDEX; Schema: public; Owner: virement_user
--

CREATE INDEX auth_user_username_6821ab7c_like ON public.auth_user USING btree (username varchar_pattern_ops);


--
-- Name: core_bonversement_bureau_local_id_27961777; Type: INDEX; Schema: public; Owner: virement_user
--

CREATE INDEX core_bonversement_bureau_local_id_27961777 ON public.core_bonversement USING btree (bureau_local_id);


--
-- Name: core_bonversement_emis_par_id_4f034a47; Type: INDEX; Schema: public; Owner: virement_user
--

CREATE INDEX core_bonversement_emis_par_id_4f034a47 ON public.core_bonversement USING btree (emis_par_id);


--
-- Name: core_bonversement_numero_emission_19f70176_like; Type: INDEX; Schema: public; Owner: virement_user
--

CREATE INDEX core_bonversement_numero_emission_19f70176_like ON public.core_bonversement USING btree (numero_emission varchar_pattern_ops);


--
-- Name: core_bureaulocal_crma_id_e4c2e036; Type: INDEX; Schema: public; Owner: virement_user
--

CREATE INDEX core_bureaulocal_crma_id_e4c2e036 ON public.core_bureaulocal USING btree (crma_id);


--
-- Name: core_crma_code_f9f3864e_like; Type: INDEX; Schema: public; Owner: virement_user
--

CREATE INDEX core_crma_code_f9f3864e_like ON public.core_crma USING btree (code varchar_pattern_ops);


--
-- Name: core_historiquemutation_ancien_bl_id_b254c780; Type: INDEX; Schema: public; Owner: virement_user
--

CREATE INDEX core_historiquemutation_ancien_bl_id_b254c780 ON public.core_historiquemutation USING btree (ancien_bl_id);


--
-- Name: core_historiquemutation_effectuee_par_id_6efaae85; Type: INDEX; Schema: public; Owner: virement_user
--

CREATE INDEX core_historiquemutation_effectuee_par_id_6efaae85 ON public.core_historiquemutation USING btree (effectuee_par_id);


--
-- Name: core_historiquemutation_nouveau_bl_id_e2a363ff; Type: INDEX; Schema: public; Owner: virement_user
--

CREATE INDEX core_historiquemutation_nouveau_bl_id_e2a363ff ON public.core_historiquemutation USING btree (nouveau_bl_id);


--
-- Name: core_historiquemutation_profil_id_55ed5016; Type: INDEX; Schema: public; Owner: virement_user
--

CREATE INDEX core_historiquemutation_profil_id_55ed5016 ON public.core_historiquemutation USING btree (profil_id);


--
-- Name: core_ligneencaissement_bureau_local_id_a453100f; Type: INDEX; Schema: public; Owner: virement_user
--

CREATE INDEX core_ligneencaissement_bureau_local_id_a453100f ON public.core_ligneencaissement USING btree (bureau_local_id);


--
-- Name: core_ligneencaissement_saisi_par_id_b472b6fa; Type: INDEX; Schema: public; Owner: virement_user
--

CREATE INDEX core_ligneencaissement_saisi_par_id_b472b6fa ON public.core_ligneencaissement USING btree (saisi_par_id);


--
-- Name: core_profil_bureau_local_id_99ae2f75; Type: INDEX; Schema: public; Owner: virement_user
--

CREATE INDEX core_profil_bureau_local_id_99ae2f75 ON public.core_profil USING btree (bureau_local_id);


--
-- Name: core_profil_crma_id_e210d258; Type: INDEX; Schema: public; Owner: virement_user
--

CREATE INDEX core_profil_crma_id_e210d258 ON public.core_profil USING btree (crma_id);


--
-- Name: django_admin_log_content_type_id_c4bce8eb; Type: INDEX; Schema: public; Owner: virement_user
--

CREATE INDEX django_admin_log_content_type_id_c4bce8eb ON public.django_admin_log USING btree (content_type_id);


--
-- Name: django_admin_log_user_id_c564eba6; Type: INDEX; Schema: public; Owner: virement_user
--

CREATE INDEX django_admin_log_user_id_c564eba6 ON public.django_admin_log USING btree (user_id);


--
-- Name: django_session_expire_date_a5c62663; Type: INDEX; Schema: public; Owner: virement_user
--

CREATE INDEX django_session_expire_date_a5c62663 ON public.django_session USING btree (expire_date);


--
-- Name: django_session_session_key_c0390e0f_like; Type: INDEX; Schema: public; Owner: virement_user
--

CREATE INDEX django_session_session_key_c0390e0f_like ON public.django_session USING btree (session_key varchar_pattern_ops);


--
-- Name: auth_group_permissions auth_group_permissio_permission_id_84c5c92e_fk_auth_perm; Type: FK CONSTRAINT; Schema: public; Owner: virement_user
--

ALTER TABLE ONLY public.auth_group_permissions
    ADD CONSTRAINT auth_group_permissio_permission_id_84c5c92e_fk_auth_perm FOREIGN KEY (permission_id) REFERENCES public.auth_permission(id) DEFERRABLE INITIALLY DEFERRED;


--
-- Name: auth_group_permissions auth_group_permissions_group_id_b120cbf9_fk_auth_group_id; Type: FK CONSTRAINT; Schema: public; Owner: virement_user
--

ALTER TABLE ONLY public.auth_group_permissions
    ADD CONSTRAINT auth_group_permissions_group_id_b120cbf9_fk_auth_group_id FOREIGN KEY (group_id) REFERENCES public.auth_group(id) DEFERRABLE INITIALLY DEFERRED;


--
-- Name: auth_permission auth_permission_content_type_id_2f476e4b_fk_django_co; Type: FK CONSTRAINT; Schema: public; Owner: virement_user
--

ALTER TABLE ONLY public.auth_permission
    ADD CONSTRAINT auth_permission_content_type_id_2f476e4b_fk_django_co FOREIGN KEY (content_type_id) REFERENCES public.django_content_type(id) DEFERRABLE INITIALLY DEFERRED;


--
-- Name: auth_user_groups auth_user_groups_group_id_97559544_fk_auth_group_id; Type: FK CONSTRAINT; Schema: public; Owner: virement_user
--

ALTER TABLE ONLY public.auth_user_groups
    ADD CONSTRAINT auth_user_groups_group_id_97559544_fk_auth_group_id FOREIGN KEY (group_id) REFERENCES public.auth_group(id) DEFERRABLE INITIALLY DEFERRED;


--
-- Name: auth_user_groups auth_user_groups_user_id_6a12ed8b_fk_auth_user_id; Type: FK CONSTRAINT; Schema: public; Owner: virement_user
--

ALTER TABLE ONLY public.auth_user_groups
    ADD CONSTRAINT auth_user_groups_user_id_6a12ed8b_fk_auth_user_id FOREIGN KEY (user_id) REFERENCES public.auth_user(id) DEFERRABLE INITIALLY DEFERRED;


--
-- Name: auth_user_user_permissions auth_user_user_permi_permission_id_1fbb5f2c_fk_auth_perm; Type: FK CONSTRAINT; Schema: public; Owner: virement_user
--

ALTER TABLE ONLY public.auth_user_user_permissions
    ADD CONSTRAINT auth_user_user_permi_permission_id_1fbb5f2c_fk_auth_perm FOREIGN KEY (permission_id) REFERENCES public.auth_permission(id) DEFERRABLE INITIALLY DEFERRED;


--
-- Name: auth_user_user_permissions auth_user_user_permissions_user_id_a95ead1b_fk_auth_user_id; Type: FK CONSTRAINT; Schema: public; Owner: virement_user
--

ALTER TABLE ONLY public.auth_user_user_permissions
    ADD CONSTRAINT auth_user_user_permissions_user_id_a95ead1b_fk_auth_user_id FOREIGN KEY (user_id) REFERENCES public.auth_user(id) DEFERRABLE INITIALLY DEFERRED;


--
-- Name: core_bonversement core_bonversement_bureau_local_id_27961777_fk_core_bure; Type: FK CONSTRAINT; Schema: public; Owner: virement_user
--

ALTER TABLE ONLY public.core_bonversement
    ADD CONSTRAINT core_bonversement_bureau_local_id_27961777_fk_core_bure FOREIGN KEY (bureau_local_id) REFERENCES public.core_bureaulocal(id) DEFERRABLE INITIALLY DEFERRED;


--
-- Name: core_bonversement core_bonversement_emis_par_id_4f034a47_fk_auth_user_id; Type: FK CONSTRAINT; Schema: public; Owner: virement_user
--

ALTER TABLE ONLY public.core_bonversement
    ADD CONSTRAINT core_bonversement_emis_par_id_4f034a47_fk_auth_user_id FOREIGN KEY (emis_par_id) REFERENCES public.auth_user(id) DEFERRABLE INITIALLY DEFERRED;


--
-- Name: core_bureaulocal core_bureaulocal_crma_id_e4c2e036_fk_core_crma_id; Type: FK CONSTRAINT; Schema: public; Owner: virement_user
--

ALTER TABLE ONLY public.core_bureaulocal
    ADD CONSTRAINT core_bureaulocal_crma_id_e4c2e036_fk_core_crma_id FOREIGN KEY (crma_id) REFERENCES public.core_crma(id) DEFERRABLE INITIALLY DEFERRED;


--
-- Name: core_historiquemutation core_historiquemutat_ancien_bl_id_b254c780_fk_core_bure; Type: FK CONSTRAINT; Schema: public; Owner: virement_user
--

ALTER TABLE ONLY public.core_historiquemutation
    ADD CONSTRAINT core_historiquemutat_ancien_bl_id_b254c780_fk_core_bure FOREIGN KEY (ancien_bl_id) REFERENCES public.core_bureaulocal(id) DEFERRABLE INITIALLY DEFERRED;


--
-- Name: core_historiquemutation core_historiquemutat_effectuee_par_id_6efaae85_fk_auth_user; Type: FK CONSTRAINT; Schema: public; Owner: virement_user
--

ALTER TABLE ONLY public.core_historiquemutation
    ADD CONSTRAINT core_historiquemutat_effectuee_par_id_6efaae85_fk_auth_user FOREIGN KEY (effectuee_par_id) REFERENCES public.auth_user(id) DEFERRABLE INITIALLY DEFERRED;


--
-- Name: core_historiquemutation core_historiquemutat_nouveau_bl_id_e2a363ff_fk_core_bure; Type: FK CONSTRAINT; Schema: public; Owner: virement_user
--

ALTER TABLE ONLY public.core_historiquemutation
    ADD CONSTRAINT core_historiquemutat_nouveau_bl_id_e2a363ff_fk_core_bure FOREIGN KEY (nouveau_bl_id) REFERENCES public.core_bureaulocal(id) DEFERRABLE INITIALLY DEFERRED;


--
-- Name: core_historiquemutation core_historiquemutation_profil_id_55ed5016_fk_core_profil_id; Type: FK CONSTRAINT; Schema: public; Owner: virement_user
--

ALTER TABLE ONLY public.core_historiquemutation
    ADD CONSTRAINT core_historiquemutation_profil_id_55ed5016_fk_core_profil_id FOREIGN KEY (profil_id) REFERENCES public.core_profil(id) DEFERRABLE INITIALLY DEFERRED;


--
-- Name: core_ligneencaissement core_ligneencaisseme_bureau_local_id_a453100f_fk_core_bure; Type: FK CONSTRAINT; Schema: public; Owner: virement_user
--

ALTER TABLE ONLY public.core_ligneencaissement
    ADD CONSTRAINT core_ligneencaisseme_bureau_local_id_a453100f_fk_core_bure FOREIGN KEY (bureau_local_id) REFERENCES public.core_bureaulocal(id) DEFERRABLE INITIALLY DEFERRED;


--
-- Name: core_ligneencaissement core_ligneencaissement_saisi_par_id_b472b6fa_fk_auth_user_id; Type: FK CONSTRAINT; Schema: public; Owner: virement_user
--

ALTER TABLE ONLY public.core_ligneencaissement
    ADD CONSTRAINT core_ligneencaissement_saisi_par_id_b472b6fa_fk_auth_user_id FOREIGN KEY (saisi_par_id) REFERENCES public.auth_user(id) DEFERRABLE INITIALLY DEFERRED;


--
-- Name: core_profil core_profil_bureau_local_id_99ae2f75_fk_core_bureaulocal_id; Type: FK CONSTRAINT; Schema: public; Owner: virement_user
--

ALTER TABLE ONLY public.core_profil
    ADD CONSTRAINT core_profil_bureau_local_id_99ae2f75_fk_core_bureaulocal_id FOREIGN KEY (bureau_local_id) REFERENCES public.core_bureaulocal(id) DEFERRABLE INITIALLY DEFERRED;


--
-- Name: core_profil core_profil_crma_id_e210d258_fk_core_crma_id; Type: FK CONSTRAINT; Schema: public; Owner: virement_user
--

ALTER TABLE ONLY public.core_profil
    ADD CONSTRAINT core_profil_crma_id_e210d258_fk_core_crma_id FOREIGN KEY (crma_id) REFERENCES public.core_crma(id) DEFERRABLE INITIALLY DEFERRED;


--
-- Name: core_profil core_profil_user_id_3ba9c0af_fk_auth_user_id; Type: FK CONSTRAINT; Schema: public; Owner: virement_user
--

ALTER TABLE ONLY public.core_profil
    ADD CONSTRAINT core_profil_user_id_3ba9c0af_fk_auth_user_id FOREIGN KEY (user_id) REFERENCES public.auth_user(id) DEFERRABLE INITIALLY DEFERRED;


--
-- Name: django_admin_log django_admin_log_content_type_id_c4bce8eb_fk_django_co; Type: FK CONSTRAINT; Schema: public; Owner: virement_user
--

ALTER TABLE ONLY public.django_admin_log
    ADD CONSTRAINT django_admin_log_content_type_id_c4bce8eb_fk_django_co FOREIGN KEY (content_type_id) REFERENCES public.django_content_type(id) DEFERRABLE INITIALLY DEFERRED;


--
-- Name: django_admin_log django_admin_log_user_id_c564eba6_fk_auth_user_id; Type: FK CONSTRAINT; Schema: public; Owner: virement_user
--

ALTER TABLE ONLY public.django_admin_log
    ADD CONSTRAINT django_admin_log_user_id_c564eba6_fk_auth_user_id FOREIGN KEY (user_id) REFERENCES public.auth_user(id) DEFERRABLE INITIALLY DEFERRED;


--
-- PostgreSQL database dump complete
--

\unrestrict tobgeSVjuS0u5rNsy95xnVcgHlTUxde4SMctQdvF5l3H6U4llc6UcFgusMhibXS

